ts	phase	decision	why	evidence	result
2026-10-05T19:00:20Z	design	kept the approved worker and graph-adapter boundaries	separate writers avoid competing edits and preserve the existing renderer	docs/hand-controls-implementation.md	open
2026-10-05T19:00:20Z	gestures	implemented the pure gesture state machine	gesture transitions can be verified without camera or renderer dependencies	scripts/test-hand-gestures.mjs	17 synthetic cases pass
2026-10-05T19:11:41Z	worker	ran the actual pinned cpu model in chrome	initialization alone would not prove detection ran or produced landmarks	docs/hand-worker-validation.json	blank frame and 21-landmark hand fixture pass
2026-10-05T19:11:41Z	lifecycle	verified activation pause stop hiding and channel changes	camera resources must follow explicit activation and teardown	docs/hand-controls-browser-validation.json	browser checks pass
2026-10-05T19:11:41Z	review	fixed hidden and clipped picking plus capture during viewport narrowing	independent tests and review reproduced invisible selection and hidden camera capture	scripts/test-hand-graph.mjs	15 adapter cases and active resize browser check pass
2026-10-05T19:11:41Z	performance	measured five alternating production runs with actual inference	work counts separate inference timing from real-hand camera response	docs/hand-controls-performance.json	headless real-hand acceptance inconclusive
2026-10-05T19:11:41Z	acceptance	left native safari edge and live-hand checks explicit	safari automation is disabled and edge is absent; synthetic input cannot prove live usability	docs/hand-controls-validation.md	implementation verified with release checks pending
2026-10-05T19:16:00Z	final	left the tested production preview running on port 3101	the implementation remains directly reviewable without starting a server	docs/hand-controls-validation.md	build and 39 behavioral cases pass
2026-10-05T19:21:55Z	zoom	amplified hand spacing changes with cubic zoom gain	linear zoom required large hand travel; smaller spreads should change camera distance more	docs/hand-navigation-validation.json	adapter reversal and actual-camera browser regression pass
2026-10-05T19:35:08Z	interaction	replaced pinch selection with hover dwell and added one-hand aperture zoom	the user found pinching to select and two-hand zoom hard to control	docs/hand-navigation-validation.json	hover once per visit and opening/closing actual camera checks pass
2026-10-05T19:35:08Z	review	rebased zoom at confirmed contact and stabilized the aiming hand	review reproduced residual closure zoom; a regression reproduced cursor switching on hand reordering	scripts/test-hand-gestures.mjs	27 gesture cases pass
2026-10-05T19:53:00Z	interaction	added closed-fist pan and held-pinch depth zoom	the user cannot zoom out by closing an already closed pinch; relative palm size permits either direction from contact	docs/hand-navigation-validation.json	36 gesture cases, production build, actual-camera synthetic navigation and lifecycle checks pass; real hands remain unverified
2026-10-05T19:56:35Z	typography	standardized all interface text on existing inter sans serif	the user requested one sans serif everywhere; removed serif and pixel font declarations and caller overrides	src/app/globals.css	fresh production build and desktop/mobile computed-font checks pass; no times or pixel font requests
2026-10-05T20:01:22Z	typography	restored pixel labels and self-hosted open runde for body text	the user clarified that the pixel interface font should remain while the body face changes	public/fonts/OpenRunde-LICENSE.txt	production build passes; desktop/mobile font loading and computed family checks pass
2026-10-05T20:06:50Z	layout	moved hand instructions and privacy note into flight guide	keep the camera preview compact so it covers less of the graph	src/components/NavigationGuide.tsx	production build and browser lifecycle/layout checks pass; guide scrolls above compact camera
2026-10-05T20:16:05Z	ship	removed unused font/icon dependency and retired pinch selection field	laziness protocol keeps hover selection as the only selection path; stable callbacks replace hook dependency suppressions	docs/hand-controls-validation.md	75 focused cases, production build, galaxy/particle/random/navigation/lifecycle browsers and actual cpu model inference pass; real hands and safari/edge unverified
